<?xml version="1.0" encoding="UTF-8"?>

<!DOCTYPE project SYSTEM "file:../../make/shared.entities.txt">

<!-- 
     This project file will generate beaninfo classes using the xdoclet tool:
     http://xdoclet.sf.net

     The JN classes have been marked up with the tags described in:
     http://xdoclet.sourceforge.net/xdoclet/tags/java-tags.html

     In order to generate schema documentation, download the xsddoc.jar from the
     xframe.sf.net site and place in your ANT_HOME/lib dir or ~/.ant/lib

     Use ant -f beaninfo.xml to invoke.
 -->
<project name="beaninfo" default="beaninfo" basedir="..">
  <description>Generates the xsd documentation</description>

  &properties;
  &paths;
  
  <property name="beaninfo.src" location="${build.dir}/beaninfo/src"/>
  <property name="beaninfo.classes" location="${build.dir}/beaninfo/classes"/>
  <property name="beaninfo.jar" value="${which.properties}-dt.jar"/>

  <target name="beaninfo" description="Generates the BeanInfo classes">
    <mkdir dir="${beaninfo.src}"/>
    <mkdir dir="${beaninfo.classes}"/>
    
    <taskdef name="xdoclet" classname="xdoclet.DocletTask"/>

    <xdoclet destdir="${beaninfo.src}"
      mergedir="parent-fake-to-debug"
      excludedtags="@version,@author,@todo"
      force="true"
      verbose="false">
      <fileset dir="${src.java}">
	<include name="**/JN*.java"/>
	<exclude name="**/test/**"/>
      </fileset>
      <beaninfo/>
    </xdoclet>
    
    <!-- compile the classes and jar them up -->
    <javac srcdir="${beaninfo.src}" destdir="${beaninfo.classes}"
      classpathref="compile.classpath" source="1.4" deprecation="on"
      debug="${build.debug}" optimize="${build.optimize}"/>

    <!-- copy the beaninfo icons if they are in the source tree -->
    <jar jarfile="${dist.bin.dir}/${beaninfo.jar}" basedir="${beaninfo.classes}"
      excludes="**/test/**" index="true" compress="true"/>
    
  </target>

</project>
