<?xml version="1.0" encoding="UTF-8"?>

<!--======================================================================
    Seed file

    author: Ramesh Gupta
    version: 1.0
    ======================================================================-->

<!DOCTYPE project [
<!ENTITY properties '
    <property name="root.dir" location="${basedir}"/>
    <property name="cvs.dir" location="${root.dir}"/>
    <property name="cvs.host" value="localhost"/>
    <property name="cvs.package" value="dev"/>
    <property name="cvs.passfile" value=".cvspass"/>
    <property name="cvs.username" value="${user.name}"/>
    <property name="cvs.root"
        value=":local:D:/cvsroot"/>
'>
]>

<project name="cvs" default="fetch" basedir=".">
    <description>CVS Interface File</description>

    <!--======================================================================
        fetch
        ======================================================================-->
    <target name="fetch"
        description="Fetch project from CVS">

        &properties;

        <cvs command="checkout"
            cvsRoot="${cvs.root}"
            dest="${root.dir}"
            package="${cvs.package}"
            passfile="${cvs.passfile}"
            failonerror="true"/>
    </target>

</project>