<?xml version="1.0" encoding="UTF-8"?>

<!--======================================================================
    Javadoc build file

    author: Ramesh Gupta
    version: 1.0
    ======================================================================-->

<project name="javadoc" default="build-javadoc" basedir=".">
    <description>Javadoc Build File</description>

    <!--======================================================================
        build-javadoc
        ======================================================================-->
    <target name="build-javadoc"
        description="Generate JavaDoc documentation">
        <property name="javadoc.packages" value="*"/>
        <property name="javadoc.excludes" value="test"/>
        <property name="javadoc.packageListLoc" location="../make"/>
        <property name="javadoc.src.dir" location="src/java"/>
        <property name="javadoc.dest.dir" location="docs/javadoc"/>
        <property name="javadoc.title" value="Documentation"/>
        <property name="javadoc.show.author" value="false"/>
        <property name="javadoc.show.private" value="false"/>
        <property name="javadoc.show.usepage" value="false"/>
        <property name="javadoc.show.version" value="false"/>
        <property name="javadoc.link.prefix" value="http://java.sun.com/j2se/1.4.2/docs/api"/>
        <property name="javadoc.bottom.content"
            value="Copyright 2004 by Sun Microsystems, Inc. All Rights Reserved."/>

		<echo message="javadoc.dest.dir = ${javadoc.dest.dir}"/>
        <mkdir dir="${javadoc.dest.dir}"/>
        <echo message="javadoc.src.dir = ${javadoc.src.dir}"/>
        <echo message="javadoc.packageListLoc = ${javadoc.packageListLoc}"/>
        <javadoc source="1.4"
                packagenames="${javadoc.packages}"
                excludepackagenames="${javadoc.excludes}"
                sourcepath="${javadoc.src.dir}"
                destdir="${javadoc.dest.dir}"
                author="${javadoc.show.author}"
                private="${javadoc.show.private}"
                use="${javadoc.show.usepage}"
                version="${javadoc.show.version}"
                windowtitle="${javadoc.title}"
                >
            <link offline="true"
                packageListLoc="${javadoc.packageListLoc}"
                href="${javadoc.link.prefix}"/>
            <bottom>${javadoc.bottom.content}</bottom>
            <classpath refid="javadoc.classpath"/>
        </javadoc>
    </target>

</project>