<!-- ============================================================ -->
<!-- Classpaths                                                   -->
<!-- ============================================================ -->

<path id="compile.classpath">
  <fileset dir="${javaws.dir}" includes="**/javaws*.jar"/>
  <fileset dir="${lib.dir}" includes="**/*.jar"/>
  <fileset dir="${masterdist.lib.dir}" includes="**/*.jar"/>
  <fileset dir="${masterdist.bin.dir}" includes="**/*.jar"/>
</path>

<path id="test.classpath">
  <!-- Put the built classes at the head of the classpath -->
  <pathelement location="${build.classes}"/>
  <pathelement location="${build.test.classes}"/>
  <path refid="compile.classpath"/>
  <fileset dir="${masterdist.test.dir}" includes="**/*.jar"/>
</path>

<path id="demo.classpath">
  <!-- Put the built classes at the head of the classpath -->
  <pathelement location="${build.classes}"/>
  <pathelement location="${build.demo.classes}"/>
  <path refid="compile.classpath"/>
</path>
