<!-- CAUTION: The order in which properties are defined IS VERY SIGNIFICANT! -->

<property environment="env"/>
<property name="env.COMPUTERNAME" value="${env.HOSTNAME}"/>
<property name="env.JAVA_HOME" value="${env.JAVA_HOME}"/>

<property name="user.properties.file" location="${user.home}/.build.properties"/>

<!-- Load properties from project properties file -->
<property file="${basedir}/make/build.properties"/>

<!-- Load properties from user properties file -->
<property file="${user.properties.file}"/>

<!-- ============================================================ -->
<!-- Directory Mappings                                           -->
<!-- ============================================================ -->

<property name="root.dir" location="${basedir}"/>
<property name="masterbuild.dir" location="${root.dir}/.."/>

<!-- Load properties from master-build properties file -->
<property file="${masterbuild.dir}/build.properties"/>

<!-- Set the following only after all property files have been loaded -->
<property name="masterdist.dir" location="${masterbuild.dir}/dist"/>
<property name="masterdist.bin.dir" location="${masterdist.dir}/bin"/>
<property name="masterdist.lib.dir" location="${masterdist.dir}/lib"/>
<property name="masterdist.test.dir" location="${masterdist.dir}/test"/>

<!-- sub-project locations -->
<property name="swingx.dir" location="${masterbuild.dir}/swingx"/>
<property name="jdnc-api.dir" location="${masterbuild.dir}/jdnc_api"/>
<property name="jdnc-xml.dir" location="${masterbuild.dir}/jdnc_markup"/>

<available file="${masterbuild.dir}/swingx" type="dir" property="swingx.present"/>
<available file="${masterbuild.dir}/jdnc_api" type="dir" property="jdnc_api.present"/>
<available file="${masterbuild.dir}/jdnc_markup" type="dir" property="jdnc_markup.present"/>

<!-- sources directory -->
<property name="src.dir" location="${root.dir}/src"/>
<available property="src.java" type="dir" file="${src.dir}/java" value="${src.dir}/java"/>
<available property="src.test" type="dir" file="${src.dir}/test" value="${src.dir}/test"/>
<available property="src.demo" type="dir" file="${src.dir}/demo" value="${src.dir}/demo"/>

<!-- lib directory  set lib.dir only if it exists -->
<available file="${root.dir}/lib" type="dir" property="lib.dir" value="${root.dir}/lib"/>
<condition property="lib.dir" value="${masterdist.lib.dir}">
  <not>
    <isset property="lib.dir"/>
  </not>
</condition>

<!-- check available tools -->
<available classname="junit.framework.Test" property="junit.present"/>
<available classname="net.sf.xframe.xsddoc.Task" property="xsddoc.present"/>

<!-- build directory -->
<property name="build.dir" location="build"/>
<property name="build.javadoc" location="${build.dir}/javadoc"/>
<property name="build.classes" location="${build.dir}/classes"/>
<property name="build.test.classes" location="${build.dir}/test/classes"/>
<property name="build.test.results" location="${build.dir}/test/results"/>
<property name="build.demo.classes" location="${build.dir}/demo/classes"/>

<!-- dist directory -->
<property name="dist.dir" location="dist"/>
<property name="dist.bin.dir" location="${dist.dir}/bin"/>

<!-- docs directory -->
<property name="docs.dir" location="docs"/>

<!-- distribution file names -->
<property name="dist.jar" value="${which.properties}.jar"/>
<property name="test.jar" value="${which.properties}Test.jar"/>
<property name="demo.jar" value="${which.properties}Demo.jar"/>

<!-- java web start -->
<condition property="javaws.dir" value="${java.home}/lib/">
  <equals arg1="${java.specification.version}" arg2="1.5"/>
</condition>
<condition property="javaws.dir"
  value="/Applications/Utilities/Java/Java Web Start.app/Contents/MacOS/">
  <os family="mac"/>
</condition>
<condition property="javaws.dir" value="${java.home}/javaws/">
  <not>
    <isset property="javaws.dir"/>
  </not>
</condition>


<!-- ============================================================ -->
<!-- Compile Settings                                             -->
<!-- ============================================================ -->

<property name="build.debug" value="true"/>
<property name="build.optimize" value="false"/>

<!-- Testing settings -->

<!-- test.package limits the unit tests to a specific package -->
<condition property="test.package" value="**">
  <not>
    <isset property="test.package"/>
  </not>
</condition>

<!-- test.headless will set the value of the -Djava.awt.headless flag -->
<condition property="test.headless" value="false">
  <not>
    <isset property="test.headless"/>
  </not>
</condition>

<!-- if "test.reports" is set then all tests are exectuted and xml results
     are placed in build/test/results -->