<?xml version="1.0" encoding="UTF-8"?>

<!--======================================================================
    Run targets. For running demos and jdnc files.
    ======================================================================-->

<!DOCTYPE project SYSTEM "file:master.entities.txt">

<!-- Deploy tasks. The properties must be inherited from the build file that 
     call this -->
<project name="run" default="run-jdnc" basedir="..">
  <description>For running demos and jdnc files</description>

  <!-- Define masterbuild.dir BEFORE loading &properties; -->
  <property name="masterbuild.dir" location="${basedir}"/>

  &properties;
  &paths;

  <!-- A testing target which will allow locally a locally run jdnc file. This
       task still requires j2ee.server.name to point do a local app servers

      Usage: ant -Djdnc.file=[jdnc demo file] -Djdnc.log.level=[level] run-jdnc

      Where: jdnc demo file is a jdnc file in the web/resources directory
  -->
  <target name="run-jdnc"
    description="Executes the jdnc file specified with -Djdnc.file=[filename]">
    
    <fail message="Error: this target requires argument. Use -Djdnc.file=[jdnc demo file]"
      unless="jdnc.file"/>

    <java classname="org.jdesktop.jdnc.runner.Application" 
      fork="true" dir="${basedir}" classpathref="compile.classpath">
      <arg value="${jdnc.file}"/>
      <arg value="${jdnc.log.level}"/>
    </java>
  </target>

  <target name="run-class"
    description="Executes the jdnc file specified with -Djdnc.file=[filename]">
    
    <fail message="Error: this target requires argument. Use -Djdnc.file=[jdnc demo file]"
      unless="jdnc.file"/>

    <java classname="org.jdesktop.jdnc.runner.Application" 
      fork="true" dir="${basedir}" classpathref="compile.classpath">
      <arg value="${jdnc.file}"/>
      <arg value="${jdnc.log.level}"/>
    </java>
  </target>


</project>
