<?xml version="1.0" encoding="UTF-8"?>
<!DOCTYPE hibernate-mapping PUBLIC "-//Hibernate/Hibernate Mapping DTD 3.0//EN" "http://hibernate.sourceforge.net/hibernate-mapping-3.0.dtd">

<hibernate-mapping package="org.genepattern.server.domain"> 
  <class name="AnalysisJob" table="ANALYSIS_JOB" optimistic-lock="none"> 
    <id name="jobNo" type="integer" unsaved-value="null">
      <column name="JOB_NO" not-null="true" unique="true" precision="10" scale="0"/>
      <generator class="native"/>
    </id>
    <property name="taskId" type="integer" column="TASK_ID" precision="10" scale="0"/>
    <property name="submittedDate" type="timestamp" column="DATE_SUBMITTED"/>
    <property name="completedDate" type="timestamp" column="DATE_COMPLETED"/>
    <property name="userId" type="string" column="USER_ID" length="4000"/>
    <property name="accessId" type="integer" column="ACCESS_ID" precision="10" scale="0"/>
    <property name="jobName" type="string" column="JOB_NAME" length="4000"/>
    <property name="taskLsid" type="string" column="TASK_LSID" length="4000"/>
    <property name="taskName" type="string" column="TASK_NAME" length="4000"/>
    <property name="parent" type="integer" column="PARENT" precision="10" scale="0"/>
    <property name="deleted" type="boolean" column="DELETED" length="1" not-null="true"/>
    <property name="parameterInfo" type="string"> 
      <column name="PARAMETER_INFO" sql-type="LONGVARCHAR"/>
    </property>
    <many-to-one name="jobStatus" lazy="false" entity-name="org.genepattern.server.domain.JobStatus" cascade="none"> 
      <column name="STATUS_ID" precision="10" scale="0"/>
    </many-to-one>
    
    <set name="permissions" cascade="delete">
        <key column="JOB_NO" />
        <one-to-many class="org.genepattern.server.auth.JobGroup" />
    </set>
  </class>

  <query name="getNumJobs">
  <![CDATA[
      select count(distinct a.jobNo) 
      from org.genepattern.server.domain.AnalysisJob as a left join a.permissions as p 
      where 
        ((a.parent = null) OR (a.parent = -1))  
        AND 
        a.deleted = :deleted  
  ]]></query>

  <query name="getNumJobsByUser">
  <![CDATA[
      select count(distinct a.jobNo) 
      from org.genepattern.server.domain.AnalysisJob as a left join a.permissions as p 
      where 
        ((a.parent = null) OR (a.parent = -1))  
        AND 
        a.deleted = :deleted  
        AND 
        ( a.userId = :userId )
  ]]></query>
  
  <query name="getNumJobsInGroups">
  <![CDATA[
      select count(distinct a.jobNo) 
      from org.genepattern.server.domain.AnalysisJob as a left join a.permissions as p 
      where 
        ((a.parent = null) OR (a.parent = -1))  
        AND 
        a.deleted = :deleted  
        AND 
        p.groupId in ( :groupId )
  ]]></query>
  
    <query name="getNumJobsByUserIncludingGroups">
  <![CDATA[
      select count(distinct a.jobNo) 
      from org.genepattern.server.domain.AnalysisJob as a left join a.permissions as p 
      where 
        ((a.parent = null) OR (a.parent = -1))  
        AND 
        a.deleted = :deleted  
        AND 
        ( a.userId = :userId OR p.groupId in ( :groupId ) )
  ]]></query>
  
</hibernate-mapping>
