<?xml version="1.0" encoding="UTF-8"?>
<!DOCTYPE hibernate-mapping PUBLIC "-//Hibernate/Hibernate Mapping DTD 3.0//EN" "http://hibernate.sourceforge.net/hibernate-mapping-3.0.dtd">

<hibernate-mapping package="org.genepattern.server.domain"> 
  <class name="Lsid" table="LSIDS" optimistic-lock="none"> 
    <id name="lsid" type="string" unsaved-value="null">
      <column name="LSID" not-null="true" unique="true" />
      <generator class="assigned"/>
    </id>
    <property name="lsidNoVersion" type="string" column="LSID_NO_VERSION" index="idx_lsid_no_version"/>
    <property name="version" type="string" column="LSID_VERSION" index="idx_lsid_version"/>
  </class>
</hibernate-mapping>
