<?xml version="1.0" encoding="UTF-8"?>
<!DOCTYPE hibernate-mapping PUBLIC "-//Hibernate/Hibernate Mapping DTD 3.0//EN" "http://hibernate.sourceforge.net/hibernate-mapping-3.0.dtd">

<hibernate-mapping package="org.genepattern.server.domain">
  <class name="Sequence" table="SEQUENCE_TABLE" optimistic-lock="none">
    <id name="id" type="integer" unsaved-value="null">
      <column name="ID" not-null="true" unique="true" precision="10" scale="0" />
      <generator class="assigned"/>
    </id>
    <property name="name" type="string"  column="NAME" not-null="true" unique="true" length="100"/>
    <property name="nextValue" type="integer" column="NEXT_VALUE" not-null="true" precision="10" scale="0" />
  </class>
</hibernate-mapping>
