<project name="money_demo" default="clover.report" basedir=".">
    <description>
        money build file
    </description>

    <property name="src" location="src/main/java"/>
    <property name="test.src" location="src/test/java"/>
    <property name="app.build" location="build/app"/>
    <property name="test.build" location="build/test"/>
    <property name="test.result" location="build/testresult"/>
    <property name="junit.jar" location="lib/junit-3.8.2.jar"/>
    <property name="clover.db" location="build/clover/db/clover.db"/>

    <property name="clover.jar" location="../lib/clover.jar"/>
    <taskdef resource="cloverlib.xml" classpath="${clover.jar}"/>

    <target name="with.clover">
	    <clover-setup initstring="${clover.db}"/>
    </target>  

    <path id="build.classpath">
        <pathelement path="${clover.jar}"/>
        <pathelement location="${junit.jar}"/>
        <pathelement location="${app.build}"/>
    </path>

    <path id="testbuild.classpath">
        <path refid="build.classpath"/>
        <pathelement location="${test.build}"/>
    </path>

    <target name="code.compile" depends="with.clover"
            description="Creates ${app.build} directory and compiles sources from ${src} to ${app.build}">
        <mkdir dir="${app.build}"/>
        <javac srcdir="${src}" destdir="${app.build}" classpathref="build.classpath" source="1.4"/>
    </target>

    <target name="test.compile" depends="code.compile"
            description="Creates ${test.build} directory and compiles sources from ${test.src} to ${test.build}">
        <mkdir dir="${test.build}"/>
        <javac srcdir="${test.src}"
               destdir="${test.build}"
               classpathref="testbuild.classpath" source="1.4"/>
    </target>

    <target name="test.run" depends="test.compile" description="Runs the tests">
        <mkdir dir="${test.result}"/>
        <junit fork="yes" printsummary="true" showoutput="true">
            <classpath refid="testbuild.classpath"/>
            <formatter type="xml"/>
            <batchtest fork="yes" todir="${test.result}">
                <fileset dir="${test.src}" includes="**/*Test.java"/>
            </batchtest>
        </junit>
    </target>

    <target name="clover.report" depends="test.run">
	    <clover-html-report outdir="clover_html" title="Clover Demo" initstring="${clover.db}"/>
    </target>



    <target name="clean">
	<delete dir="build"/>
    </target>
</project>
